-999;negative nine hundred ninety-nine
-998;negative nine hundred ninety-eight
-997;negative nine hundred ninety-seven
-996;negative nine hundred ninety-six
-995;negative nine hundred ninety-five
-994;negative nine hundred ninety-four
-993;negative nine hundred ninety-three
-992;negative nine hundred ninety-two
-991;negative nine hundred ninety-one
-990;negative nine hundred ninety
-989;negative nine hundred eighty-nine
-988;negative nine hundred eighty-eight
-987;negative nine hundred eighty-seven
-986;negative nine hundred eighty-six
-985;negative nine hundred eighty-five
-984;negative nine hundred eighty-four
-983;negative nine hundred eighty-three
-982;negative nine hundred eighty-two
-981;negative nine hundred eighty-one
-980;negative nine hundred eighty
-979;negative nine hundred seventy-nine
-978;negative nine hundred seventy-eight
-977;negative nine hundred seventy-seven
-976;negative nine hundred seventy-six
-975;negative nine hundred seventy-five
-974;negative nine hundred seventy-four
-973;negative nine hundred seventy-three
-972;negative nine hundred seventy-two
-971;negative nine hundred seventy-one
-970;negative nine hundred seventy
-969;negative nine hundred sixty-nine
-968;negative nine hundred sixty-eight
-967;negative nine hundred sixty-seven
-966;negative nine hundred sixty-six
-965;negative nine hundred sixty-five
-964;negative nine hundred sixty-four
-963;negative nine hundred sixty-three
-962;negative nine hundred sixty-two
-961;negative nine hundred sixty-one
-960;negative nine hundred sixty
-959;negative nine hundred fifty-nine
-958;negative nine hundred fifty-eight
-957;negative nine hundred fifty-seven
-956;negative nine hundred fifty-six
-955;negative nine hundred fifty-five
-954;negative nine hundred fifty-four
-953;negative nine hundred fifty-three
-952;negative nine hundred fifty-two
-951;negative nine hundred fifty-one
-950;negative nine hundred fifty
-949;negative nine hundred forty-nine
-948;negative nine hundred forty-eight
-947;negative nine hundred forty-seven
-946;negative nine hundred forty-six
-945;negative nine hundred forty-five
-944;negative nine hundred forty-four
-943;negative nine hundred forty-three
-942;negative nine hundred forty-two
-941;negative nine hundred forty-one
-940;negative nine hundred forty
-939;negative nine hundred thirty-nine
-938;negative nine hundred thirty-eight
-937;negative nine hundred thirty-seven
-936;negative nine hundred thirty-six
-935;negative nine hundred thirty-five
-934;negative nine hundred thirty-four
-933;negative nine hundred thirty-three
-932;negative nine hundred thirty-two
-931;negative nine hundred thirty-one
-930;negative nine hundred thirty
-929;negative nine hundred twenty-nine
-928;negative nine hundred twenty-eight
-927;negative nine hundred twenty-seven
-926;negative nine hundred twenty-six
-925;negative nine hundred twenty-five
-924;negative nine hundred twenty-four
-923;negative nine hundred twenty-three
-922;negative nine hundred twenty-two
-921;negative nine hundred twenty-one
-920;negative nine hundred twenty
-919;negative nine hundred nineteen
-918;negative nine hundred eighteen
-917;negative nine hundred seventeen
-916;negative nine hundred sixteen
-915;negative nine hundred fifteen
-914;negative nine hundred fourteen
-913;negative nine hundred thirteen
-912;negative nine hundred twelve
-911;negative nine hundred eleven
-910;negative nine hundred ten
-909;negative nine hundred nine
-908;negative nine hundred eight
-907;negative nine hundred seven
-906;negative nine hundred six
-905;negative nine hundred five
-904;negative nine hundred four
-903;negative nine hundred three
-902;negative nine hundred two
-901;negative nine hundred one
-900;negative nine hundred
-899;negative eight hundred ninety-nine
-898;negative eight hundred ninety-eight
-897;negative eight hundred ninety-seven
-896;negative eight hundred ninety-six
-895;negative eight hundred ninety-five
-894;negative eight hundred ninety-four
-893;negative eight hundred ninety-three
-892;negative eight hundred ninety-two
-891;negative eight hundred ninety-one
-890;negative eight hundred ninety
-889;negative eight hundred eighty-nine
-888;negative eight hundred eighty-eight
-887;negative eight hundred eighty-seven
-886;negative eight hundred eighty-six
-885;negative eight hundred eighty-five
-884;negative eight hundred eighty-four
-883;negative eight hundred eighty-three
-882;negative eight hundred eighty-two
-881;negative eight hundred eighty-one
-880;negative eight hundred eighty
-879;negative eight hundred seventy-nine
-878;negative eight hundred seventy-eight
-877;negative eight hundred seventy-seven
-876;negative eight hundred seventy-six
-875;negative eight hundred seventy-five
-874;negative eight hundred seventy-four
-873;negative eight hundred seventy-three
-872;negative eight hundred seventy-two
-871;negative eight hundred seventy-one
-870;negative eight hundred seventy
-869;negative eight hundred sixty-nine
-868;negative eight hundred sixty-eight
-867;negative eight hundred sixty-seven
-866;negative eight hundred sixty-six
-865;negative eight hundred sixty-five
-864;negative eight hundred sixty-four
-863;negative eight hundred sixty-three
-862;negative eight hundred sixty-two
-861;negative eight hundred sixty-one
-860;negative eight hundred sixty
-859;negative eight hundred fifty-nine
-858;negative eight hundred fifty-eight
-857;negative eight hundred fifty-seven
-856;negative eight hundred fifty-six
-855;negative eight hundred fifty-five
-854;negative eight hundred fifty-four
-853;negative eight hundred fifty-three
-852;negative eight hundred fifty-two
-851;negative eight hundred fifty-one
-850;negative eight hundred fifty
-849;negative eight hundred forty-nine
-848;negative eight hundred forty-eight
-847;negative eight hundred forty-seven
-846;negative eight hundred forty-six
-845;negative eight hundred forty-five
-844;negative eight hundred forty-four
-843;negative eight hundred forty-three
-842;negative eight hundred forty-two
-841;negative eight hundred forty-one
-840;negative eight hundred forty
-839;negative eight hundred thirty-nine
-838;negative eight hundred thirty-eight
-837;negative eight hundred thirty-seven
-836;negative eight hundred thirty-six
-835;negative eight hundred thirty-five
-834;negative eight hundred thirty-four
-833;negative eight hundred thirty-three
-832;negative eight hundred thirty-two
-831;negative eight hundred thirty-one
-830;negative eight hundred thirty
-829;negative eight hundred twenty-nine
-828;negative eight hundred twenty-eight
-827;negative eight hundred twenty-seven
-826;negative eight hundred twenty-six
-825;negative eight hundred twenty-five
-824;negative eight hundred twenty-four
-823;negative eight hundred twenty-three
-822;negative eight hundred twenty-two
-821;negative eight hundred twenty-one
-820;negative eight hundred twenty
-819;negative eight hundred nineteen
-818;negative eight hundred eighteen
-817;negative eight hundred seventeen
-816;negative eight hundred sixteen
-815;negative eight hundred fifteen
-814;negative eight hundred fourteen
-813;negative eight hundred thirteen
-812;negative eight hundred twelve
-811;negative eight hundred eleven
-810;negative eight hundred ten
-809;negative eight hundred nine
-808;negative eight hundred eight
-807;negative eight hundred seven
-806;negative eight hundred six
-805;negative eight hundred five
-804;negative eight hundred four
-803;negative eight hundred three
-802;negative eight hundred two
-801;negative eight hundred one
-800;negative eight hundred
-799;negative seven hundred ninety-nine
-798;negative seven hundred ninety-eight
-797;negative seven hundred ninety-seven
-796;negative seven hundred ninety-six
-795;negative seven hundred ninety-five
-794;negative seven hundred ninety-four
-793;negative seven hundred ninety-three
-792;negative seven hundred ninety-two
-791;negative seven hundred ninety-one
-790;negative seven hundred ninety
-789;negative seven hundred eighty-nine
-788;negative seven hundred eighty-eight
-787;negative seven hundred eighty-seven
-786;negative seven hundred eighty-six
-785;negative seven hundred eighty-five
-784;negative seven hundred eighty-four
-783;negative seven hundred eighty-three
-782;negative seven hundred eighty-two
-781;negative seven hundred eighty-one
-780;negative seven hundred eighty
-779;negative seven hundred seventy-nine
-778;negative seven hundred seventy-eight
-777;negative seven hundred seventy-seven
-776;negative seven hundred seventy-six
-775;negative seven hundred seventy-five
-774;negative seven hundred seventy-four
-773;negative seven hundred seventy-three
-772;negative seven hundred seventy-two
-771;negative seven hundred seventy-one
-770;negative seven hundred seventy
-769;negative seven hundred sixty-nine
-768;negative seven hundred sixty-eight
-767;negative seven hundred sixty-seven
-766;negative seven hundred sixty-six
-765;negative seven hundred sixty-five
-764;negative seven hundred sixty-four
-763;negative seven hundred sixty-three
-762;negative seven hundred sixty-two
-761;negative seven hundred sixty-one
-760;negative seven hundred sixty
-759;negative seven hundred fifty-nine
-758;negative seven hundred fifty-eight
-757;negative seven hundred fifty-seven
-756;negative seven hundred fifty-six
-755;negative seven hundred fifty-five
-754;negative seven hundred fifty-four
-753;negative seven hundred fifty-three
-752;negative seven hundred fifty-two
-751;negative seven hundred fifty-one
-750;negative seven hundred fifty
-749;negative seven hundred forty-nine
-748;negative seven hundred forty-eight
-747;negative seven hundred forty-seven
-746;negative seven hundred forty-six
-745;negative seven hundred forty-five
-744;negative seven hundred forty-four
-743;negative seven hundred forty-three
-742;negative seven hundred forty-two
-741;negative seven hundred forty-one
-740;negative seven hundred forty
-739;negative seven hundred thirty-nine
-738;negative seven hundred thirty-eight
-737;negative seven hundred thirty-seven
-736;negative seven hundred thirty-six
-735;negative seven hundred thirty-five
-734;negative seven hundred thirty-four
-733;negative seven hundred thirty-three
-732;negative seven hundred thirty-two
-731;negative seven hundred thirty-one
-730;negative seven hundred thirty
-729;negative seven hundred twenty-nine
-728;negative seven hundred twenty-eight
-727;negative seven hundred twenty-seven
-726;negative seven hundred twenty-six
-725;negative seven hundred twenty-five
-724;negative seven hundred twenty-four
-723;negative seven hundred twenty-three
-722;negative seven hundred twenty-two
-721;negative seven hundred twenty-one
-720;negative seven hundred twenty
-719;negative seven hundred nineteen
-718;negative seven hundred eighteen
-717;negative seven hundred seventeen
-716;negative seven hundred sixteen
-715;negative seven hundred fifteen
-714;negative seven hundred fourteen
-713;negative seven hundred thirteen
-712;negative seven hundred twelve
-711;negative seven hundred eleven
-710;negative seven hundred ten
-709;negative seven hundred nine
-708;negative seven hundred eight
-707;negative seven hundred seven
-706;negative seven hundred six
-705;negative seven hundred five
-704;negative seven hundred four
-703;negative seven hundred three
-702;negative seven hundred two
-701;negative seven hundred one
-700;negative seven hundred
-699;negative six hundred ninety-nine
-698;negative six hundred ninety-eight
-697;negative six hundred ninety-seven
-696;negative six hundred ninety-six
-695;negative six hundred ninety-five
-694;negative six hundred ninety-four
-693;negative six hundred ninety-three
-692;negative six hundred ninety-two
-691;negative six hundred ninety-one
-690;negative six hundred ninety
-689;negative six hundred eighty-nine
-688;negative six hundred eighty-eight
-687;negative six hundred eighty-seven
-686;negative six hundred eighty-six
-685;negative six hundred eighty-five
-684;negative six hundred eighty-four
-683;negative six hundred eighty-three
-682;negative six hundred eighty-two
-681;negative six hundred eighty-one
-680;negative six hundred eighty
-679;negative six hundred seventy-nine
-678;negative six hundred seventy-eight
-677;negative six hundred seventy-seven
-676;negative six hundred seventy-six
-675;negative six hundred seventy-five
-674;negative six hundred seventy-four
-673;negative six hundred seventy-three
-672;negative six hundred seventy-two
-671;negative six hundred seventy-one
-670;negative six hundred seventy
-669;negative six hundred sixty-nine
-668;negative six hundred sixty-eight
-667;negative six hundred sixty-seven
-666;negative six hundred sixty-six
-665;negative six hundred sixty-five
-664;negative six hundred sixty-four
-663;negative six hundred sixty-three
-662;negative six hundred sixty-two
-661;negative six hundred sixty-one
-660;negative six hundred sixty
-659;negative six hundred fifty-nine
-658;negative six hundred fifty-eight
-657;negative six hundred fifty-seven
-656;negative six hundred fifty-six
-655;negative six hundred fifty-five
-654;negative six hundred fifty-four
-653;negative six hundred fifty-three
-652;negative six hundred fifty-two
-651;negative six hundred fifty-one
-650;negative six hundred fifty
-649;negative six hundred forty-nine
-648;negative six hundred forty-eight
-647;negative six hundred forty-seven
-646;negative six hundred forty-six
-645;negative six hundred forty-five
-644;negative six hundred forty-four
-643;negative six hundred forty-three
-642;negative six hundred forty-two
-641;negative six hundred forty-one
-640;negative six hundred forty
-639;negative six hundred thirty-nine
-638;negative six hundred thirty-eight
-637;negative six hundred thirty-seven
-636;negative six hundred thirty-six
-635;negative six hundred thirty-five
-634;negative six hundred thirty-four
-633;negative six hundred thirty-three
-632;negative six hundred thirty-two
-631;negative six hundred thirty-one
-630;negative six hundred thirty
-629;negative six hundred twenty-nine
-628;negative six hundred twenty-eight
-627;negative six hundred twenty-seven
-626;negative six hundred twenty-six
-625;negative six hundred twenty-five
-624;negative six hundred twenty-four
-623;negative six hundred twenty-three
-622;negative six hundred twenty-two
-621;negative six hundred twenty-one
-620;negative six hundred twenty
-619;negative six hundred nineteen
-618;negative six hundred eighteen
-617;negative six hundred seventeen
-616;negative six hundred sixteen
-615;negative six hundred fifteen
-614;negative six hundred fourteen
-613;negative six hundred thirteen
-612;negative six hundred twelve
-611;negative six hundred eleven
-610;negative six hundred ten
-609;negative six hundred nine
-608;negative six hundred eight
-607;negative six hundred seven
-606;negative six hundred six
-605;negative six hundred five
-604;negative six hundred four
-603;negative six hundred three
-602;negative six hundred two
-601;negative six hundred one
-600;negative six hundred
-599;negative five hundred ninety-nine
-598;negative five hundred ninety-eight
-597;negative five hundred ninety-seven
-596;negative five hundred ninety-six
-595;negative five hundred ninety-five
-594;negative five hundred ninety-four
-593;negative five hundred ninety-three
-592;negative five hundred ninety-two
-591;negative five hundred ninety-one
-590;negative five hundred ninety
-589;negative five hundred eighty-nine
-588;negative five hundred eighty-eight
-587;negative five hundred eighty-seven
-586;negative five hundred eighty-six
-585;negative five hundred eighty-five
-584;negative five hundred eighty-four
-583;negative five hundred eighty-three
-582;negative five hundred eighty-two
-581;negative five hundred eighty-one
-580;negative five hundred eighty
-579;negative five hundred seventy-nine
-578;negative five hundred seventy-eight
-577;negative five hundred seventy-seven
-576;negative five hundred seventy-six
-575;negative five hundred seventy-five
-574;negative five hundred seventy-four
-573;negative five hundred seventy-three
-572;negative five hundred seventy-two
-571;negative five hundred seventy-one
-570;negative five hundred seventy
-569;negative five hundred sixty-nine
-568;negative five hundred sixty-eight
-567;negative five hundred sixty-seven
-566;negative five hundred sixty-six
-565;negative five hundred sixty-five
-564;negative five hundred sixty-four
-563;negative five hundred sixty-three
-562;negative five hundred sixty-two
-561;negative five hundred sixty-one
-560;negative five hundred sixty
-559;negative five hundred fifty-nine
-558;negative five hundred fifty-eight
-557;negative five hundred fifty-seven
-556;negative five hundred fifty-six
-555;negative five hundred fifty-five
-554;negative five hundred fifty-four
-553;negative five hundred fifty-three
-552;negative five hundred fifty-two
-551;negative five hundred fifty-one
-550;negative five hundred fifty
-549;negative five hundred forty-nine
-548;negative five hundred forty-eight
-547;negative five hundred forty-seven
-546;negative five hundred forty-six
-545;negative five hundred forty-five
-544;negative five hundred forty-four
-543;negative five hundred forty-three
-542;negative five hundred forty-two
-541;negative five hundred forty-one
-540;negative five hundred forty
-539;negative five hundred thirty-nine
-538;negative five hundred thirty-eight
-537;negative five hundred thirty-seven
-536;negative five hundred thirty-six
-535;negative five hundred thirty-five
-534;negative five hundred thirty-four
-533;negative five hundred thirty-three
-532;negative five hundred thirty-two
-531;negative five hundred thirty-one
-530;negative five hundred thirty
-529;negative five hundred twenty-nine
-528;negative five hundred twenty-eight
-527;negative five hundred twenty-seven
-526;negative five hundred twenty-six
-525;negative five hundred twenty-five
-524;negative five hundred twenty-four
-523;negative five hundred twenty-three
-522;negative five hundred twenty-two
-521;negative five hundred twenty-one
-520;negative five hundred twenty
-519;negative five hundred nineteen
-518;negative five hundred eighteen
-517;negative five hundred seventeen
-516;negative five hundred sixteen
-515;negative five hundred fifteen
-514;negative five hundred fourteen
-513;negative five hundred thirteen
-512;negative five hundred twelve
-511;negative five hundred eleven
-510;negative five hundred ten
-509;negative five hundred nine
-508;negative five hundred eight
-507;negative five hundred seven
-506;negative five hundred six
-505;negative five hundred five
-504;negative five hundred four
-503;negative five hundred three
-502;negative five hundred two
-501;negative five hundred one
-500;negative five hundred
-499;negative four hundred ninety-nine
-498;negative four hundred ninety-eight
-497;negative four hundred ninety-seven
-496;negative four hundred ninety-six
-495;negative four hundred ninety-five
-494;negative four hundred ninety-four
-493;negative four hundred ninety-three
-492;negative four hundred ninety-two
-491;negative four hundred ninety-one
-490;negative four hundred ninety
-489;negative four hundred eighty-nine
-488;negative four hundred eighty-eight
-487;negative four hundred eighty-seven
-486;negative four hundred eighty-six
-485;negative four hundred eighty-five
-484;negative four hundred eighty-four
-483;negative four hundred eighty-three
-482;negative four hundred eighty-two
-481;negative four hundred eighty-one
-480;negative four hundred eighty
-479;negative four hundred seventy-nine
-478;negative four hundred seventy-eight
-477;negative four hundred seventy-seven
-476;negative four hundred seventy-six
-475;negative four hundred seventy-five
-474;negative four hundred seventy-four
-473;negative four hundred seventy-three
-472;negative four hundred seventy-two
-471;negative four hundred seventy-one
-470;negative four hundred seventy
-469;negative four hundred sixty-nine
-468;negative four hundred sixty-eight
-467;negative four hundred sixty-seven
-466;negative four hundred sixty-six
-465;negative four hundred sixty-five
-464;negative four hundred sixty-four
-463;negative four hundred sixty-three
-462;negative four hundred sixty-two
-461;negative four hundred sixty-one
-460;negative four hundred sixty
-459;negative four hundred fifty-nine
-458;negative four hundred fifty-eight
-457;negative four hundred fifty-seven
-456;negative four hundred fifty-six
-455;negative four hundred fifty-five
-454;negative four hundred fifty-four
-453;negative four hundred fifty-three
-452;negative four hundred fifty-two
-451;negative four hundred fifty-one
-450;negative four hundred fifty
-449;negative four hundred forty-nine
-448;negative four hundred forty-eight
-447;negative four hundred forty-seven
-446;negative four hundred forty-six
-445;negative four hundred forty-five
-444;negative four hundred forty-four
-443;negative four hundred forty-three
-442;negative four hundred forty-two
-441;negative four hundred forty-one
-440;negative four hundred forty
-439;negative four hundred thirty-nine
-438;negative four hundred thirty-eight
-437;negative four hundred thirty-seven
-436;negative four hundred thirty-six
-435;negative four hundred thirty-five
-434;negative four hundred thirty-four
-433;negative four hundred thirty-three
-432;negative four hundred thirty-two
-431;negative four hundred thirty-one
-430;negative four hundred thirty
-429;negative four hundred twenty-nine
-428;negative four hundred twenty-eight
-427;negative four hundred twenty-seven
-426;negative four hundred twenty-six
-425;negative four hundred twenty-five
-424;negative four hundred twenty-four
-423;negative four hundred twenty-three
-422;negative four hundred twenty-two
-421;negative four hundred twenty-one
-420;negative four hundred twenty
-419;negative four hundred nineteen
-418;negative four hundred eighteen
-417;negative four hundred seventeen
-416;negative four hundred sixteen
-415;negative four hundred fifteen
-414;negative four hundred fourteen
-413;negative four hundred thirteen
-412;negative four hundred twelve
-411;negative four hundred eleven
-410;negative four hundred ten
-409;negative four hundred nine
-408;negative four hundred eight
-407;negative four hundred seven
-406;negative four hundred six
-405;negative four hundred five
-404;negative four hundred four
-403;negative four hundred three
-402;negative four hundred two
-401;negative four hundred one
-400;negative four hundred
-399;negative three hundred ninety-nine
-398;negative three hundred ninety-eight
-397;negative three hundred ninety-seven
-396;negative three hundred ninety-six
-395;negative three hundred ninety-five
-394;negative three hundred ninety-four
-393;negative three hundred ninety-three
-392;negative three hundred ninety-two
-391;negative three hundred ninety-one
-390;negative three hundred ninety
-389;negative three hundred eighty-nine
-388;negative three hundred eighty-eight
-387;negative three hundred eighty-seven
-386;negative three hundred eighty-six
-385;negative three hundred eighty-five
-384;negative three hundred eighty-four
-383;negative three hundred eighty-three
-382;negative three hundred eighty-two
-381;negative three hundred eighty-one
-380;negative three hundred eighty
-379;negative three hundred seventy-nine
-378;negative three hundred seventy-eight
-377;negative three hundred seventy-seven
-376;negative three hundred seventy-six
-375;negative three hundred seventy-five
-374;negative three hundred seventy-four
-373;negative three hundred seventy-three
-372;negative three hundred seventy-two
-371;negative three hundred seventy-one
-370;negative three hundred seventy
-369;negative three hundred sixty-nine
-368;negative three hundred sixty-eight
-367;negative three hundred sixty-seven
-366;negative three hundred sixty-six
-365;negative three hundred sixty-five
-364;negative three hundred sixty-four
-363;negative three hundred sixty-three
-362;negative three hundred sixty-two
-361;negative three hundred sixty-one
-360;negative three hundred sixty
-359;negative three hundred fifty-nine
-358;negative three hundred fifty-eight
-357;negative three hundred fifty-seven
-356;negative three hundred fifty-six
-355;negative three hundred fifty-five
-354;negative three hundred fifty-four
-353;negative three hundred fifty-three
-352;negative three hundred fifty-two
-351;negative three hundred fifty-one
-350;negative three hundred fifty
-349;negative three hundred forty-nine
-348;negative three hundred forty-eight
-347;negative three hundred forty-seven
-346;negative three hundred forty-six
-345;negative three hundred forty-five
-344;negative three hundred forty-four
-343;negative three hundred forty-three
-342;negative three hundred forty-two
-341;negative three hundred forty-one
-340;negative three hundred forty
-339;negative three hundred thirty-nine
-338;negative three hundred thirty-eight
-337;negative three hundred thirty-seven
-336;negative three hundred thirty-six
-335;negative three hundred thirty-five
-334;negative three hundred thirty-four
-333;negative three hundred thirty-three
-332;negative three hundred thirty-two
-331;negative three hundred thirty-one
-330;negative three hundred thirty
-329;negative three hundred twenty-nine
-328;negative three hundred twenty-eight
-327;negative three hundred twenty-seven
-326;negative three hundred twenty-six
-325;negative three hundred twenty-five
-324;negative three hundred twenty-four
-323;negative three hundred twenty-three
-322;negative three hundred twenty-two
-321;negative three hundred twenty-one
-320;negative three hundred twenty
-319;negative three hundred nineteen
-318;negative three hundred eighteen
-317;negative three hundred seventeen
-316;negative three hundred sixteen
-315;negative three hundred fifteen
-314;negative three hundred fourteen
-313;negative three hundred thirteen
-312;negative three hundred twelve
-311;negative three hundred eleven
-310;negative three hundred ten
-309;negative three hundred nine
-308;negative three hundred eight
-307;negative three hundred seven
-306;negative three hundred six
-305;negative three hundred five
-304;negative three hundred four
-303;negative three hundred three
-302;negative three hundred two
-301;negative three hundred one
-300;negative three hundred
-299;negative two hundred ninety-nine
-298;negative two hundred ninety-eight
-297;negative two hundred ninety-seven
-296;negative two hundred ninety-six
-295;negative two hundred ninety-five
-294;negative two hundred ninety-four
-293;negative two hundred ninety-three
-292;negative two hundred ninety-two
-291;negative two hundred ninety-one
-290;negative two hundred ninety
-289;negative two hundred eighty-nine
-288;negative two hundred eighty-eight
-287;negative two hundred eighty-seven
-286;negative two hundred eighty-six
-285;negative two hundred eighty-five
-284;negative two hundred eighty-four
-283;negative two hundred eighty-three
-282;negative two hundred eighty-two
-281;negative two hundred eighty-one
-280;negative two hundred eighty
-279;negative two hundred seventy-nine
-278;negative two hundred seventy-eight
-277;negative two hundred seventy-seven
-276;negative two hundred seventy-six
-275;negative two hundred seventy-five
-274;negative two hundred seventy-four
-273;negative two hundred seventy-three
-272;negative two hundred seventy-two
-271;negative two hundred seventy-one
-270;negative two hundred seventy
-269;negative two hundred sixty-nine
-268;negative two hundred sixty-eight
-267;negative two hundred sixty-seven
-266;negative two hundred sixty-six
-265;negative two hundred sixty-five
-264;negative two hundred sixty-four
-263;negative two hundred sixty-three
-262;negative two hundred sixty-two
-261;negative two hundred sixty-one
-260;negative two hundred sixty
-259;negative two hundred fifty-nine
-258;negative two hundred fifty-eight
-257;negative two hundred fifty-seven
-256;negative two hundred fifty-six
-255;negative two hundred fifty-five
-254;negative two hundred fifty-four
-253;negative two hundred fifty-three
-252;negative two hundred fifty-two
-251;negative two hundred fifty-one
-250;negative two hundred fifty
-249;negative two hundred forty-nine
-248;negative two hundred forty-eight
-247;negative two hundred forty-seven
-246;negative two hundred forty-six
-245;negative two hundred forty-five
-244;negative two hundred forty-four
-243;negative two hundred forty-three
-242;negative two hundred forty-two
-241;negative two hundred forty-one
-240;negative two hundred forty
-239;negative two hundred thirty-nine
-238;negative two hundred thirty-eight
-237;negative two hundred thirty-seven
-236;negative two hundred thirty-six
-235;negative two hundred thirty-five
-234;negative two hundred thirty-four
-233;negative two hundred thirty-three
-232;negative two hundred thirty-two
-231;negative two hundred thirty-one
-230;negative two hundred thirty
-229;negative two hundred twenty-nine
-228;negative two hundred twenty-eight
-227;negative two hundred twenty-seven
-226;negative two hundred twenty-six
-225;negative two hundred twenty-five
-224;negative two hundred twenty-four
-223;negative two hundred twenty-three
-222;negative two hundred twenty-two
-221;negative two hundred twenty-one
-220;negative two hundred twenty
-219;negative two hundred nineteen
-218;negative two hundred eighteen
-217;negative two hundred seventeen
-216;negative two hundred sixteen
-215;negative two hundred fifteen
-214;negative two hundred fourteen
-213;negative two hundred thirteen
-212;negative two hundred twelve
-211;negative two hundred eleven
-210;negative two hundred ten
-209;negative two hundred nine
-208;negative two hundred eight
-207;negative two hundred seven
-206;negative two hundred six
-205;negative two hundred five
-204;negative two hundred four
-203;negative two hundred three
-202;negative two hundred two
-201;negative two hundred one
-200;negative two hundred
-199;negative one hundred ninety-nine
-198;negative one hundred ninety-eight
-197;negative one hundred ninety-seven
-196;negative one hundred ninety-six
-195;negative one hundred ninety-five
-194;negative one hundred ninety-four
-193;negative one hundred ninety-three
-192;negative one hundred ninety-two
-191;negative one hundred ninety-one
-190;negative one hundred ninety
-189;negative one hundred eighty-nine
-188;negative one hundred eighty-eight
-187;negative one hundred eighty-seven
-186;negative one hundred eighty-six
-185;negative one hundred eighty-five
-184;negative one hundred eighty-four
-183;negative one hundred eighty-three
-182;negative one hundred eighty-two
-181;negative one hundred eighty-one
-180;negative one hundred eighty
-179;negative one hundred seventy-nine
-178;negative one hundred seventy-eight
-177;negative one hundred seventy-seven
-176;negative one hundred seventy-six
-175;negative one hundred seventy-five
-174;negative one hundred seventy-four
-173;negative one hundred seventy-three
-172;negative one hundred seventy-two
-171;negative one hundred seventy-one
-170;negative one hundred seventy
-169;negative one hundred sixty-nine
-168;negative one hundred sixty-eight
-167;negative one hundred sixty-seven
-166;negative one hundred sixty-six
-165;negative one hundred sixty-five
-164;negative one hundred sixty-four
-163;negative one hundred sixty-three
-162;negative one hundred sixty-two
-161;negative one hundred sixty-one
-160;negative one hundred sixty
-159;negative one hundred fifty-nine
-158;negative one hundred fifty-eight
-157;negative one hundred fifty-seven
-156;negative one hundred fifty-six
-155;negative one hundred fifty-five
-154;negative one hundred fifty-four
-153;negative one hundred fifty-three
-152;negative one hundred fifty-two
-151;negative one hundred fifty-one
-150;negative one hundred fifty
-149;negative one hundred forty-nine
-148;negative one hundred forty-eight
-147;negative one hundred forty-seven
-146;negative one hundred forty-six
-145;negative one hundred forty-five
-144;negative one hundred forty-four
-143;negative one hundred forty-three
-142;negative one hundred forty-two
-141;negative one hundred forty-one
-140;negative one hundred forty
-139;negative one hundred thirty-nine
-138;negative one hundred thirty-eight
-137;negative one hundred thirty-seven
-136;negative one hundred thirty-six
-135;negative one hundred thirty-five
-134;negative one hundred thirty-four
-133;negative one hundred thirty-three
-132;negative one hundred thirty-two
-131;negative one hundred thirty-one
-130;negative one hundred thirty
-129;negative one hundred twenty-nine
-128;negative one hundred twenty-eight
-127;negative one hundred twenty-seven
-126;negative one hundred twenty-six
-125;negative one hundred twenty-five
-124;negative one hundred twenty-four
-123;negative one hundred twenty-three
-122;negative one hundred twenty-two
-121;negative one hundred twenty-one
-120;negative one hundred twenty
-119;negative one hundred nineteen
-118;negative one hundred eighteen
-117;negative one hundred seventeen
-116;negative one hundred sixteen
-115;negative one hundred fifteen
-114;negative one hundred fourteen
-113;negative one hundred thirteen
-112;negative one hundred twelve
-111;negative one hundred eleven
-110;negative one hundred ten
-109;negative one hundred nine
-108;negative one hundred eight
-107;negative one hundred seven
-106;negative one hundred six
-105;negative one hundred five
-104;negative one hundred four
-103;negative one hundred three
-102;negative one hundred two
-101;negative one hundred one
-100;negative one hundred
-99;negative ninety-nine
-98;negative ninety-eight
-97;negative ninety-seven
-96;negative ninety-six
-95;negative ninety-five
-94;negative ninety-four
-93;negative ninety-three
-92;negative ninety-two
-91;negative ninety-one
-90;negative ninety
-89;negative eighty-nine
-88;negative eighty-eight
-87;negative eighty-seven
-86;negative eighty-six
-85;negative eighty-five
-84;negative eighty-four
-83;negative eighty-three
-82;negative eighty-two
-81;negative eighty-one
-80;negative eighty
-79;negative seventy-nine
-78;negative seventy-eight
-77;negative seventy-seven
-76;negative seventy-six
-75;negative seventy-five
-74;negative seventy-four
-73;negative seventy-three
-72;negative seventy-two
-71;negative seventy-one
-70;negative seventy
-69;negative sixty-nine
-68;negative sixty-eight
-67;negative sixty-seven
-66;negative sixty-six
-65;negative sixty-five
-64;negative sixty-four
-63;negative sixty-three
-62;negative sixty-two
-61;negative sixty-one
-60;negative sixty
-59;negative fifty-nine
-58;negative fifty-eight
-57;negative fifty-seven
-56;negative fifty-six
-55;negative fifty-five
-54;negative fifty-four
-53;negative fifty-three
-52;negative fifty-two
-51;negative fifty-one
-50;negative fifty
-49;negative forty-nine
-48;negative forty-eight
-47;negative forty-seven
-46;negative forty-six
-45;negative forty-five
-44;negative forty-four
-43;negative forty-three
-42;negative forty-two
-41;negative forty-one
-40;negative forty
-39;negative thirty-nine
-38;negative thirty-eight
-37;negative thirty-seven
-36;negative thirty-six
-35;negative thirty-five
-34;negative thirty-four
-33;negative thirty-three
-32;negative thirty-two
-31;negative thirty-one
-30;negative thirty
-29;negative twenty-nine
-28;negative twenty-eight
-27;negative twenty-seven
-26;negative twenty-six
-25;negative twenty-five
-24;negative twenty-four
-23;negative twenty-three
-22;negative twenty-two
-21;negative twenty-one
-20;negative twenty
-19;negative nineteen
-18;negative eighteen
-17;negative seventeen
-16;negative sixteen
-15;negative fifteen
-14;negative fourteen
-13;negative thirteen
-12;negative twelve
-11;negative eleven
-10;negative ten
-9;negative nine
-8;negative eight
-7;negative seven
-6;negative six
-5;negative five
-4;negative four
-3;negative three
-2;negative two
-1;negative one
