0;zero
1;one
2;two
3;three
4;four
5;five
6;six
7;seven
8;eight
9;nine
10;ten
11;eleven
12;twelve
13;thirteen
14;fourteen
15;fifteen
16;sixteen
17;seventeen
18;eighteen
19;nineteen
20;twenty
21;twenty-one
22;twenty-two
23;twenty-three
24;twenty-four
25;twenty-five
26;twenty-six
27;twenty-seven
28;twenty-eight
29;twenty-nine
30;thirty
99;ninety-nine
100;one hundred
101;one hundred one
102;one hundred two
112;one hundred twelve
148;one hundred forty-eight
256;two hundred fifty-six
389;three hundred eighty-nine
491;four hundred ninety-one
533;five hundred thirty-three
666;six hundred sixty-six
777;seven hundred seventy-seven
888;eight hundred eighty-eight
925;nine hundred twenty-five
1000;one thousand
1001;one thousand one
1002;one thousand two
1003;one thousand three
1004;one thousand four
1005;one thousand five
1006;one thousand six
1007;one thousand seven
1008;one thousand eight
1009;one thousand nine
1010;one thousand ten
1011;one thousand eleven
1012;one thousand twelve
1013;one thousand thirteen
1014;one thousand fourteen
1015;one thousand fifteen
1016;one thousand sixteen
1017;one thousand seventeen
1018;one thousand eighteen
1019;one thousand nineteen
1020;one thousand twenty
1021;one thousand twenty-one
1022;one thousand twenty-two
1023;one thousand twenty-three
1024;one thousand twenty-four
1025;one thousand twenty-five
1026;one thousand twenty-six
1027;one thousand twenty-seven
1028;one thousand twenty-eight
1029;one thousand twenty-nine
1030;one thousand thirty
1099;one thousand ninety-nine
1100;one thousand one hundred
1101;one thousand one hundred one
1102;one thousand one hundred two
1112;one thousand one hundred twelve
1148;one thousand one hundred forty-eight
1256;one thousand two hundred fifty-six
1389;one thousand three hundred eighty-nine
1491;one thousand four hundred ninety-one
1533;one thousand five hundred thirty-three
1666;one thousand six hundred sixty-six
1777;one thousand seven hundred seventy-seven
1888;one thousand eight hundred eighty-eight
1925;one thousand nine hundred twenty-five
2000;two thousand
2001;two thousand one
2002;two thousand two
2003;two thousand three
2004;two thousand four
2005;two thousand five
2006;two thousand six
2007;two thousand seven
2008;two thousand eight
2009;two thousand nine
2010;two thousand ten
2011;two thousand eleven
2012;two thousand twelve
2013;two thousand thirteen
2014;two thousand fourteen
2015;two thousand fifteen
2016;two thousand sixteen
2017;two thousand seventeen
2018;two thousand eighteen
2019;two thousand nineteen
2020;two thousand twenty
2021;two thousand twenty-one
2022;two thousand twenty-two
2023;two thousand twenty-three
2024;two thousand twenty-four
2025;two thousand twenty-five
2026;two thousand twenty-six
2027;two thousand twenty-seven
2028;two thousand twenty-eight
2029;two thousand twenty-nine
2030;two thousand thirty
2099;two thousand ninety-nine
2100;two thousand one hundred
2101;two thousand one hundred one
2102;two thousand one hundred two
2112;two thousand one hundred twelve
2148;two thousand one hundred forty-eight
2256;two thousand two hundred fifty-six
2389;two thousand three hundred eighty-nine
2491;two thousand four hundred ninety-one
2533;two thousand five hundred thirty-three
2666;two thousand six hundred sixty-six
2777;two thousand seven hundred seventy-seven
2888;two thousand eight hundred eighty-eight
2925;two thousand nine hundred twenty-five
3000;three thousand
4000;four thousand
5000;five thousand
6000;six thousand
7000;seven thousand
8000;eight thousand
9000;nine thousand
10000;ten thousand
11000;eleven thousand
12000;twelve thousand
13000;thirteen thousand
14000;fourteen thousand
15000;fifteen thousand
16000;sixteen thousand
65534;sixty-five thousand five hundred thirty-four
65535;sixty-five thousand five hundred thirty-five
65536;sixty-five thousand five hundred thirty-six
222223;two hundred twenty-two thousand two hundred twenty-three
1000000;one million
1000005;one million five
1150042;one million one hundred fifty thousand forty-two
2000000;two million
2000001;two million one
9000000;nine million
18000000;eighteen million
100000000;one hundred million
1234567890;one billion two hundred thirty-four million five hundred sixty-seven thousand eight hundred ninety
4294967294;four billion two hundred ninety-four million nine hundred sixty-seven thousand two hundred ninety-four
4294967295;four billion two hundred ninety-four million nine hundred sixty-seven thousand two hundred ninety-five
4294967296;four billion two hundred ninety-four million nine hundred sixty-seven thousand two hundred ninety-six
1000000000000;one trillion
1000000000000000;one quadrillion
1000000000000000000;one quintillion
18446744073709551614;eighteen quintillion four hundred forty-six quadrillion seven hundred forty-four trillion seventy-three billion seven hundred nine million five hundred fifty-one thousand six hundred fourteen
18446744073709551615;eighteen quintillion four hundred forty-six quadrillion seven hundred forty-four trillion seventy-three billion seven hundred nine million five hundred fifty-one thousand six hundred fifteen
18446744073709551616;eighteen quintillion four hundred forty-six quadrillion seven hundred forty-four trillion seventy-three billion seven hundred nine million five hundred fifty-one thousand six hundred sixteen
1000000000000000000000;one sextillion
1000000000000000000000000;one septillion
1000000000000000000000000000;one octillion
1000000000000000000000000000000;one nonillion
1000000000000000000000000000000000;one decillion
1000000000000000000000000000000000000;one undecillion
1000000000000000000000000002003000000;one undecillion two billion three million
340282366920938463463374607431768211454;three hundred forty undecillion two hundred eighty-two decillion three hundred sixty-six nonillion nine hundred twenty octillion nine hundred thirty-eight septillion four hundred sixty-three sextillion four hundred sixty-three quintillion three hundred seventy-four quadrillion six hundred seven trillion four hundred thirty-one billion seven hundred sixty-eight million two hundred eleven thousand four hundred fifty-four
340282366920938463463374607431768211455;three hundred forty undecillion two hundred eighty-two decillion three hundred sixty-six nonillion nine hundred twenty octillion nine hundred thirty-eight septillion four hundred sixty-three sextillion four hundred sixty-three quintillion three hundred seventy-four quadrillion six hundred seven trillion four hundred thirty-one billion seven hundred sixty-eight million two hundred eleven thousand four hundred fifty-five
